{"cameraMode":{"drawMode":0,"name":"Shaded","section":"Shading Mode"},"sceneLighting":true,"audioPlay":false,"sceneViewState":{"showFog":false,"showMaterialUpdate":false,"showSkybox":false,"showFlares":false,"showImageEffects":false,"showParticleSystems":false},"in2DMode":false,"pivot":{"x":-0.49695754051208498,"y":7.836404323577881,"z":-7.158090591430664},"rotation":{"x":-0.14647802710533143,"y":-0.06316768378019333,"z":0.009373178705573082,"w":-0.9871520400047302},"size":9.499597549438477,"orthographic":false}