{"cameraMode":{"drawMode":0,"name":"Shaded","section":"Shading Mode"},"sceneLighting":false,"audioPlay":false,"sceneViewState":{"showFog":false,"showMaterialUpdate":false,"showSkybox":false,"showFlares":false,"showImageEffects":false,"showParticleSystems":true},"in2DMode":false,"pivot":{"x":0.18900012969970704,"y":6.333000183105469,"z":206.49000549316407},"rotation":{"x":0.5456950068473816,"y":-0.03567095845937729,"z":0.02325909398496151,"w":0.8369011878967285},"size":56.94124221801758,"orthographic":false}